START_DATE,START_TIME,START_TIME_ET,SUBJECT,LOCATION,DESCRIPTION,END_DATE,END_DATE_ET,END_TIME,END_TIME_ET,REMINDER_OFF,REMINDER_ON,REMINDER_DATE,REMINDER_TIME,REMINDER_TIME_ET,SHOWTIMEAS_FREE,SHOWTIMEAS_BUSY
03/05/12,02:05 PM,03:05 PM,Dodgers at White Sox,Camelback Ranch,"Local TV: MLB.com ----- Local Radio: WSCR 670",03/05/12,03/05/12,05:05 PM,06:05 PM,FALSE,TRUE,03/05/12,01:05 PM,02:05 PM,FREE,BUSY
03/06/12,02:05 PM,03:05 PM,White Sox at Angels,Tempe Diablo Stadium,"Local TV: MLB.TV -- MLBN (delay)",03/06/12,03/06/12,05:05 PM,06:05 PM,FALSE,TRUE,03/06/12,01:05 PM,02:05 PM,FREE,BUSY
03/07/12,02:05 PM,03:05 PM,Brewers at White Sox,Camelback Ranch,"Local TV: MLB.com",03/07/12,03/07/12,05:05 PM,06:05 PM,FALSE,TRUE,03/07/12,01:05 PM,02:05 PM,FREE,BUSY
03/08/12,02:05 PM,03:05 PM,White Sox at Rangers,Surprise Stadium,,03/08/12,03/08/12,05:05 PM,06:05 PM,FALSE,TRUE,03/08/12,01:05 PM,02:05 PM,FREE,BUSY
03/09/12,02:05 PM,03:05 PM,Cubs at White Sox,Camelback Ranch,"Local TV: MLBN (delay) -- WGN -- MLB.TV ----- Local Radio: WSCR 670",03/09/12,03/09/12,05:05 PM,06:05 PM,FALSE,TRUE,03/09/12,01:05 PM,02:05 PM,FREE,BUSY
03/10/12,02:05 PM,03:05 PM,Rangers at White Sox,Camelback Ranch,"Local TV: MLB.com ----- Local Radio: WSCR 670",03/10/12,03/10/12,05:05 PM,06:05 PM,FALSE,TRUE,03/10/12,01:05 PM,02:05 PM,FREE,BUSY
03/10/12,08:05 PM,09:05 PM,Dodgers at White Sox,Camelback Ranch,,03/10/12,03/11/12,11:05 PM,12:05 AM,FALSE,TRUE,03/10/12,07:05 PM,08:05 PM,FREE,BUSY
03/11/12,03:10 PM,04:10 PM,White Sox at Rockies,Salt River Fields at Talking Stick,,03/11/12,03/11/12,06:10 PM,07:10 PM,FALSE,TRUE,03/11/12,02:10 PM,03:10 PM,FREE,BUSY
03/12/12,03:05 PM,04:05 PM,Athletics at White Sox,Camelback Ranch,"Local TV: MLB.com",03/12/12,03/12/12,06:05 PM,07:05 PM,FALSE,TRUE,03/12/12,02:05 PM,03:05 PM,FREE,BUSY
03/13/12,03:05 PM,04:05 PM,White Sox at Padres,Peoria Stadium,,03/13/12,03/13/12,06:05 PM,07:05 PM,FALSE,TRUE,03/13/12,02:05 PM,03:05 PM,FREE,BUSY
03/14/12,03:05 PM,04:05 PM,Angels at White Sox,Camelback Ranch,"Local TV: MLB.com",03/14/12,03/14/12,06:05 PM,07:05 PM,FALSE,TRUE,03/14/12,02:05 PM,03:05 PM,FREE,BUSY
03/15/12,03:05 PM,04:05 PM,White Sox at Indians,Goodyear Ballpark,"Local TV: MLB.TV -- MLBN (delay)",03/15/12,03/15/12,06:05 PM,07:05 PM,FALSE,TRUE,03/15/12,02:05 PM,03:05 PM,FREE,BUSY
03/16/12,03:10 PM,04:10 PM,White Sox at D-backs,Salt River Fields at Talking Stick,,03/16/12,03/16/12,06:10 PM,07:10 PM,FALSE,TRUE,03/16/12,02:10 PM,03:10 PM,FREE,BUSY
03/17/12,03:05 PM,04:05 PM,Mariners at White Sox,Camelback Ranch,"Local TV: MLB.com ----- Local Radio: WSCR 670",03/17/12,03/17/12,06:05 PM,07:05 PM,FALSE,TRUE,03/17/12,02:05 PM,03:05 PM,FREE,BUSY
03/18/12,03:05 PM,04:05 PM,White Sox at Cubs,HoHoKam Park,"Local Radio: WSCR 670",03/18/12,03/18/12,06:05 PM,07:05 PM,FALSE,TRUE,03/18/12,02:05 PM,03:05 PM,FREE,BUSY
03/19/12,03:05 PM,04:05 PM,Reds at White Sox,Camelback Ranch,"Local TV: MLB.com",03/19/12,03/19/12,06:05 PM,07:05 PM,FALSE,TRUE,03/19/12,02:05 PM,03:05 PM,FREE,BUSY
03/21/12,03:05 PM,04:05 PM,White Sox at Mariners,Peoria Stadium,,03/21/12,03/21/12,06:05 PM,07:05 PM,FALSE,TRUE,03/21/12,02:05 PM,03:05 PM,FREE,BUSY
03/22/12,03:05 PM,04:05 PM,Royals at White Sox,Camelback Ranch,"Local TV: MLB.com",03/22/12,03/22/12,06:05 PM,07:05 PM,FALSE,TRUE,03/22/12,02:05 PM,03:05 PM,FREE,BUSY
03/23/12,03:05 PM,04:05 PM,Dodgers at White Sox,Kino Veterans Memorial Stadium,,03/23/12,03/23/12,06:05 PM,07:05 PM,FALSE,TRUE,03/23/12,02:05 PM,03:05 PM,FREE,BUSY
03/23/12,09:05 PM,10:05 PM,D-backs at White Sox,Camelback Ranch,"Local TV: CSN -- MLBN (delay) -- MLB.TV",03/24/12,03/24/12,12:05 AM,01:05 AM,FALSE,TRUE,03/23/12,08:05 PM,09:05 PM,FREE,BUSY
03/24/12,03:05 PM,04:05 PM,White Sox at Brewers,Maryvale Baseball Park,"Local Radio: WSCR 670",03/24/12,03/24/12,06:05 PM,07:05 PM,FALSE,TRUE,03/24/12,02:05 PM,03:05 PM,FREE,BUSY
03/25/12,03:05 PM,04:05 PM,Giants at White Sox,Camelback Ranch,"Local TV: MLB.TV -- CSN -- MLBN (delay) ----- Local Radio: WSCR 670",03/25/12,03/25/12,06:05 PM,07:05 PM,FALSE,TRUE,03/25/12,02:05 PM,03:05 PM,FREE,BUSY
03/26/12,03:05 PM,04:05 PM,White Sox at Dodgers,Camelback Ranch,"Local TV: MLBN (delay) -- MLB.TV",03/26/12,03/26/12,06:05 PM,07:05 PM,FALSE,TRUE,03/26/12,02:05 PM,03:05 PM,FREE,BUSY
03/27/12,03:05 PM,04:05 PM,Indians at White Sox,Camelback Ranch,"Local TV: MLB.com",03/27/12,03/27/12,06:05 PM,07:05 PM,FALSE,TRUE,03/27/12,02:05 PM,03:05 PM,FREE,BUSY
03/28/12,03:10 PM,04:10 PM,White Sox at Rockies,Salt River Fields at Talking Stick,,03/28/12,03/28/12,06:10 PM,07:10 PM,FALSE,TRUE,03/28/12,02:10 PM,03:10 PM,FREE,BUSY
03/28/12,03:05 PM,04:05 PM,Padres at White Sox,Camelback Ranch,"Local TV: MLB.com",03/28/12,03/28/12,06:05 PM,07:05 PM,FALSE,TRUE,03/28/12,02:05 PM,03:05 PM,FREE,BUSY
03/29/12,03:05 PM,04:05 PM,White Sox at Dodgers,Camelback Ranch,"Local TV: MLBN (delay) -- MLB.TV -- CSN",03/29/12,03/29/12,06:05 PM,07:05 PM,FALSE,TRUE,03/29/12,02:05 PM,03:05 PM,FREE,BUSY
03/30/12,08:05 PM,09:05 PM,White Sox at Royals,Surprise Stadium,,03/30/12,03/31/12,11:05 PM,12:05 AM,FALSE,TRUE,03/30/12,07:05 PM,08:05 PM,FREE,BUSY
03/31/12,03:05 PM,04:05 PM,Rockies at White Sox,Camelback Ranch,"Local TV: MLB.com ----- Local Radio: WSCR 670",03/31/12,03/31/12,06:05 PM,07:05 PM,FALSE,TRUE,03/31/12,02:05 PM,03:05 PM,FREE,BUSY
04/01/12,03:05 PM,04:05 PM,White Sox at Reds,Goodyear Ballpark,"Local TV: MLBN -- MLB.com -- MLB.TV -- CSN ----- Local Radio: WSCR 670",04/01/12,04/01/12,06:05 PM,07:05 PM,FALSE,TRUE,04/01/12,02:05 PM,03:05 PM,FREE,BUSY
04/02/12,02:05 PM,03:05 PM,Brewers at White Sox,Camelback Ranch,"Local TV: MLB.com",04/02/12,04/02/12,05:05 PM,06:05 PM,FALSE,TRUE,04/02/12,01:05 PM,02:05 PM,FREE,BUSY
04/03/12,07:05 PM,08:05 PM,White Sox at Astros,Minute Maid Park,"Local TV: MLB.TV -- CSN -- MLBN (delay)",04/03/12,04/03/12,10:05 PM,11:05 PM,FALSE,TRUE,04/03/12,06:05 PM,07:05 PM,FREE,BUSY
04/04/12,01:05 PM,02:05 PM,White Sox at Astros,Minute Maid Park,,04/04/12,04/04/12,04:05 PM,05:05 PM,FALSE,TRUE,04/04/12,12:05 PM,01:05 PM,FREE,BUSY
04/06/12,01:05 PM,02:05 PM,White Sox at Rangers,Rangers Ballpark in Arlington,"Local TV: CSN -- MLBN ----- Local Radio: 97.5 ESPN Deportes -- WSCR 670",04/06/12,04/06/12,04:05 PM,05:05 PM,FALSE,TRUE,04/06/12,12:05 PM,01:05 PM,FREE,BUSY
04/07/12,07:05 PM,08:05 PM,White Sox at Rangers,Rangers Ballpark in Arlington,"Local TV: WGN ----- Local Radio: 97.5 ESPN Deportes -- WSCR 670",04/07/12,04/07/12,10:05 PM,11:05 PM,FALSE,TRUE,04/07/12,06:05 PM,07:05 PM,FREE,BUSY
04/08/12,07:05 PM,08:05 PM,White Sox at Rangers,Rangers Ballpark in Arlington,"Local TV: ESPN ----- Local Radio: 97.5 ESPN Deportes -- WSCR 670",04/08/12,04/08/12,10:05 PM,11:05 PM,FALSE,TRUE,04/08/12,06:05 PM,07:05 PM,FREE,BUSY
04/09/12,06:05 PM,07:05 PM,White Sox at Indians,Progressive Field,"Local TV: CSN ----- Local Radio: 97.5 ESPN Deportes -- WSCR 670",04/09/12,04/09/12,09:05 PM,10:05 PM,FALSE,TRUE,04/09/12,05:05 PM,06:05 PM,FREE,BUSY
04/11/12,11:05 AM,12:05 PM,White Sox at Indians,Progressive Field,"Local TV: CSN ----- Local Radio: 97.5 ESPN Deportes -- WSCR 670",04/11/12,04/11/12,02:05 PM,03:05 PM,FALSE,TRUE,04/11/12,10:05 AM,11:05 AM,FREE,BUSY
04/13/12,01:10 PM,02:10 PM,Tigers at White Sox,U.S. Cellular Field,"Local TV: CSN ----- Local Radio: 97.5 ESPN Deportes -- WSCR 670",04/13/12,04/13/12,04:10 PM,05:10 PM,FALSE,TRUE,04/13/12,12:10 PM,01:10 PM,FREE,BUSY
04/14/12,03:10 PM,04:10 PM,Tigers at White Sox,U.S. Cellular Field,"Local TV: CSN ----- Local Radio: 97.5 ESPN Deportes -- WSCR 670",04/14/12,04/14/12,06:10 PM,07:10 PM,FALSE,TRUE,04/14/12,02:10 PM,03:10 PM,FREE,BUSY
04/15/12,01:10 PM,02:10 PM,Tigers at White Sox,U.S. Cellular Field,"Local TV: WGN ----- Local Radio: 97.5 ESPN Deportes -- WSCR 670",04/15/12,04/15/12,04:10 PM,05:10 PM,FALSE,TRUE,04/15/12,12:10 PM,01:10 PM,FREE,BUSY
04/16/12,07:10 PM,08:10 PM,Orioles at White Sox,U.S. Cellular Field,"Local TV: WCIU ----- Local Radio: 97.5 ESPN Deportes -- WSCR 670",04/16/12,04/16/12,10:10 PM,11:10 PM,FALSE,TRUE,04/16/12,06:10 PM,07:10 PM,FREE,BUSY
04/17/12,07:10 PM,08:10 PM,Orioles at White Sox,U.S. Cellular Field,"Local TV: WCIU ----- Local Radio: 97.5 ESPN Deportes -- WSCR 670",04/17/12,04/17/12,10:10 PM,11:10 PM,FALSE,TRUE,04/17/12,06:10 PM,07:10 PM,FREE,BUSY
04/18/12,07:10 PM,08:10 PM,Orioles at White Sox,U.S. Cellular Field,"Local TV: CSN ----- Local Radio: 97.5 ESPN Deportes -- WSCR 670",04/18/12,04/18/12,10:10 PM,11:10 PM,FALSE,TRUE,04/18/12,06:10 PM,07:10 PM,FREE,BUSY
04/19/12,01:10 PM,02:10 PM,Orioles at White Sox,U.S. Cellular Field,"Local TV: CSN ----- Local Radio: 97.5 ESPN Deportes -- WSCR 670",04/19/12,04/19/12,04:10 PM,05:10 PM,FALSE,TRUE,04/19/12,12:10 PM,01:10 PM,FREE,BUSY
04/20/12,09:10 PM,10:10 PM,White Sox at Mariners,Safeco Field,"Local TV: WGN ----- Local Radio: 97.5 ESPN Deportes -- WSCR 670",04/21/12,04/21/12,12:10 AM,01:10 AM,FALSE,TRUE,04/20/12,08:10 PM,09:10 PM,FREE,BUSY
04/21/12,03:05 PM,04:05 PM,White Sox at Mariners,Safeco Field,"Local TV: FOX ----- Local Radio: 97.5 ESPN Deportes -- WSCR 670",04/21/12,04/21/12,06:05 PM,07:05 PM,FALSE,TRUE,04/21/12,02:05 PM,03:05 PM,FREE,BUSY
04/22/12,03:10 PM,04:10 PM,White Sox at Mariners,Safeco Field,"Local TV: CSN ----- Local Radio: 97.5 ESPN Deportes -- WSCR 670",04/22/12,04/22/12,06:10 PM,07:10 PM,FALSE,TRUE,04/22/12,02:10 PM,03:10 PM,FREE,BUSY
04/23/12,09:05 PM,10:05 PM,White Sox at Athletics,Oakland Coliseum,"Local TV: CSN+ ----- Local Radio: 97.5 ESPN Deportes -- WSCR 670",04/24/12,04/24/12,12:05 AM,01:05 AM,FALSE,TRUE,04/23/12,08:05 PM,09:05 PM,FREE,BUSY
04/24/12,09:05 PM,10:05 PM,White Sox at Athletics,Oakland Coliseum,"Local TV: WGN ----- Local Radio: 97.5 ESPN Deportes -- WSCR 670",04/25/12,04/25/12,12:05 AM,01:05 AM,FALSE,TRUE,04/24/12,08:05 PM,09:05 PM,FREE,BUSY
04/25/12,02:35 PM,03:35 PM,White Sox at Athletics,Oakland Coliseum,"Local TV: CSN ----- Local Radio: 97.5 ESPN Deportes -- WSCR 670",04/25/12,04/25/12,05:35 PM,06:35 PM,FALSE,TRUE,04/25/12,01:35 PM,02:35 PM,FREE,BUSY
04/26/12,07:10 PM,08:10 PM,Red Sox at White Sox,U.S. Cellular Field,"Local TV: MLBN -- WGN ----- Local Radio: 97.5 ESPN Deportes -- WSCR 670",04/26/12,04/26/12,10:10 PM,11:10 PM,FALSE,TRUE,04/26/12,06:10 PM,07:10 PM,FREE,BUSY
04/27/12,07:10 PM,08:10 PM,Red Sox at White Sox,U.S. Cellular Field,"Local TV: WCIU ----- Local Radio: 97.5 ESPN Deportes -- WSCR 670",04/27/12,04/27/12,10:10 PM,11:10 PM,FALSE,TRUE,04/27/12,06:10 PM,07:10 PM,FREE,BUSY
04/28/12,06:10 PM,07:10 PM,Red Sox at White Sox,U.S. Cellular Field,"Local TV: CSN ----- Local Radio: 97.5 ESPN Deportes -- WSCR 670",04/28/12,04/28/12,09:10 PM,10:10 PM,FALSE,TRUE,04/28/12,05:10 PM,06:10 PM,FREE,BUSY
04/29/12,01:10 PM,02:10 PM,Red Sox at White Sox,U.S. Cellular Field,"Local TV: CSN ----- Local Radio: 97.5 ESPN Deportes -- WSCR 670",04/29/12,04/29/12,04:10 PM,05:10 PM,FALSE,TRUE,04/29/12,12:10 PM,01:10 PM,FREE,BUSY
05/01/12,07:10 PM,08:10 PM,Indians at White Sox,U.S. Cellular Field,"Local TV: WCIU ----- Local Radio: 97.5 ESPN Deportes -- WSCR 670",05/01/12,05/01/12,10:10 PM,11:10 PM,FALSE,TRUE,05/01/12,06:10 PM,07:10 PM,FREE,BUSY
05/02/12,07:10 PM,08:10 PM,Indians at White Sox,U.S. Cellular Field,"Local TV: CSN ----- Local Radio: 97.5 ESPN Deportes -- WSCR 670",05/02/12,05/02/12,10:10 PM,11:10 PM,FALSE,TRUE,05/02/12,06:10 PM,07:10 PM,FREE,BUSY
05/03/12,07:10 PM,08:10 PM,Indians at White Sox,U.S. Cellular Field,"Local TV: WCIU -- MLBN ----- Local Radio: 97.5 ESPN Deportes -- WSCR 670",05/03/12,05/03/12,10:10 PM,11:10 PM,FALSE,TRUE,05/03/12,06:10 PM,07:10 PM,FREE,BUSY
05/04/12,06:05 PM,07:05 PM,White Sox at Tigers,Comerica Park,"Local TV: CSN -- MLBN ----- Local Radio: 97.5 ESPN Deportes -- WSCR 670",05/04/12,05/04/12,09:05 PM,10:05 PM,FALSE,TRUE,05/04/12,05:05 PM,06:05 PM,FREE,BUSY
05/05/12,03:05 PM,04:05 PM,White Sox at Tigers,Comerica Park,"Local TV: FOX ----- Local Radio: 97.5 ESPN Deportes -- WSCR 670",05/05/12,05/05/12,06:05 PM,07:05 PM,FALSE,TRUE,05/05/12,02:05 PM,03:05 PM,FREE,BUSY
05/06/12,12:05 PM,01:05 PM,White Sox at Tigers,Comerica Park,"Local TV: CSN ----- Local Radio: 97.5 ESPN Deportes -- WSCR 670",05/06/12,05/06/12,03:05 PM,04:05 PM,FALSE,TRUE,05/06/12,11:05 AM,12:05 PM,FREE,BUSY
05/07/12,12:05 PM,01:05 PM,White Sox at Indians,Progressive Field,"Local TV: WGN ----- Local Radio: 97.5 ESPN Deportes -- WSCR 670",05/07/12,05/07/12,03:05 PM,04:05 PM,FALSE,TRUE,05/07/12,11:05 AM,12:05 PM,FREE,BUSY
05/07/12,06:05 PM,07:05 PM,White Sox at Indians,Progressive Field,"Local TV: CSN ----- Local Radio: 97.5 ESPN Deportes -- WSCR 670",05/07/12,05/07/12,09:05 PM,10:05 PM,FALSE,TRUE,05/07/12,05:05 PM,06:05 PM,FREE,BUSY
05/08/12,06:05 PM,07:05 PM,White Sox at Indians,Progressive Field,"Local TV: CSN ----- Local Radio: 97.5 ESPN Deportes -- WSCR 670",05/08/12,05/08/12,09:05 PM,10:05 PM,FALSE,TRUE,05/08/12,05:05 PM,06:05 PM,FREE,BUSY
05/09/12,06:05 PM,07:05 PM,White Sox at Indians,Progressive Field,"Local TV: CSN ----- Local Radio: 97.5 ESPN Deportes -- WSCR 670",05/09/12,05/09/12,09:05 PM,10:05 PM,FALSE,TRUE,05/09/12,05:05 PM,06:05 PM,FREE,BUSY
05/11/12,07:10 PM,08:10 PM,Royals at White Sox,U.S. Cellular Field,"Local TV: CSN ----- Local Radio: 97.5 ESPN Deportes -- WSCR 670",05/11/12,05/11/12,10:10 PM,11:10 PM,FALSE,TRUE,05/11/12,06:10 PM,07:10 PM,FREE,BUSY
05/12/12,06:10 PM,07:10 PM,Royals at White Sox,U.S. Cellular Field,"Local TV: WGN ----- Local Radio: 97.5 ESPN Deportes -- WSCR 670",05/12/12,05/12/12,09:10 PM,10:10 PM,FALSE,TRUE,05/12/12,05:10 PM,06:10 PM,FREE,BUSY
05/13/12,01:10 PM,02:10 PM,Royals at White Sox,U.S. Cellular Field,"Local TV: CSN ----- Local Radio: 97.5 ESPN Deportes -- WSCR 670",05/13/12,05/13/12,04:10 PM,05:10 PM,FALSE,TRUE,05/13/12,12:10 PM,01:10 PM,FREE,BUSY
05/14/12,07:10 PM,08:10 PM,Tigers at White Sox,U.S. Cellular Field,"Local TV: CSN ----- Local Radio: 97.5 ESPN Deportes -- WSCR 670",05/14/12,05/14/12,10:10 PM,11:10 PM,FALSE,TRUE,05/14/12,06:10 PM,07:10 PM,FREE,BUSY
05/15/12,01:10 PM,02:10 PM,Tigers at White Sox,U.S. Cellular Field,"Local TV: WGN ----- Local Radio: 97.5 ESPN Deportes -- WSCR 670",05/15/12,05/15/12,04:10 PM,05:10 PM,FALSE,TRUE,05/15/12,12:10 PM,01:10 PM,FREE,BUSY
05/16/12,09:05 PM,10:05 PM,White Sox at Angels,Angel Stadium of Anaheim,"Local TV: CSN+ ----- Local Radio: 97.5 ESPN Deportes -- WSCR 670",05/17/12,05/17/12,12:05 AM,01:05 AM,FALSE,TRUE,05/16/12,08:05 PM,09:05 PM,FREE,BUSY
05/17/12,02:35 PM,03:35 PM,White Sox at Angels,Angel Stadium of Anaheim,"Local TV: CSN ----- Local Radio: 97.5 ESPN Deportes -- WSCR 670",05/17/12,05/17/12,05:35 PM,06:35 PM,FALSE,TRUE,05/17/12,01:35 PM,02:35 PM,FREE,BUSY
05/18/12,01:20 PM,02:20 PM,White Sox at Cubs,Wrigley Field,"Local TV: CSN ----- Local Radio: 97.5 ESPN Deportes -- WSCR 670",05/18/12,05/18/12,04:20 PM,05:20 PM,FALSE,TRUE,05/18/12,12:20 PM,01:20 PM,FREE,BUSY
05/19/12,06:15 PM,07:15 PM,White Sox at Cubs,Wrigley Field,"Local TV: FOX ----- Local Radio: 97.5 ESPN Deportes -- WSCR 670",05/19/12,05/19/12,09:15 PM,10:15 PM,FALSE,TRUE,05/19/12,05:15 PM,06:15 PM,FREE,BUSY
05/20/12,01:20 PM,02:20 PM,White Sox at Cubs,Wrigley Field,"Local TV: WGN ----- Local Radio: 97.5 ESPN Deportes -- WSCR 670",05/20/12,05/20/12,04:20 PM,05:20 PM,FALSE,TRUE,05/20/12,12:20 PM,01:20 PM,FREE,BUSY
05/22/12,07:10 PM,08:10 PM,Twins at White Sox,U.S. Cellular Field,"Local TV: WCIU ----- Local Radio: 97.5 ESPN Deportes -- WSCR 670",05/22/12,05/22/12,10:10 PM,11:10 PM,FALSE,TRUE,05/22/12,06:10 PM,07:10 PM,FREE,BUSY
05/23/12,07:10 PM,08:10 PM,Twins at White Sox,U.S. Cellular Field,"Local TV: CSN ----- Local Radio: 97.5 ESPN Deportes -- WSCR 670",05/23/12,05/23/12,10:10 PM,11:10 PM,FALSE,TRUE,05/23/12,06:10 PM,07:10 PM,FREE,BUSY
05/24/12,07:10 PM,08:10 PM,Twins at White Sox,U.S. Cellular Field,"Local TV: MLBN -- CSN ----- Local Radio: 97.5 ESPN Deportes -- WSCR 670",05/24/12,05/24/12,10:10 PM,11:10 PM,FALSE,TRUE,05/24/12,06:10 PM,07:10 PM,FREE,BUSY
05/25/12,07:10 PM,08:10 PM,Indians at White Sox,U.S. Cellular Field,"Local TV: CSN ----- Local Radio: 97.5 ESPN Deportes -- WSCR 670",05/25/12,05/25/12,10:10 PM,11:10 PM,FALSE,TRUE,05/25/12,06:10 PM,07:10 PM,FREE,BUSY
05/26/12,03:10 PM,04:10 PM,Indians at White Sox,U.S. Cellular Field,"Local TV: WGN ----- Local Radio: 97.5 ESPN Deportes -- WSCR 670",05/26/12,05/26/12,06:10 PM,07:10 PM,FALSE,TRUE,05/26/12,02:10 PM,03:10 PM,FREE,BUSY
05/27/12,01:10 PM,02:10 PM,Indians at White Sox,U.S. Cellular Field,"Local TV: CSN ----- Local Radio: 97.5 ESPN Deportes -- WSCR 670",05/27/12,05/27/12,04:10 PM,05:10 PM,FALSE,TRUE,05/27/12,12:10 PM,01:10 PM,FREE,BUSY
05/28/12,02:10 PM,03:10 PM,White Sox at Rays,Tropicana Field,"Local TV: CSN ----- Local Radio: 97.5 ESPN Deportes -- WSCR 670",05/28/12,05/28/12,05:10 PM,06:10 PM,FALSE,TRUE,05/28/12,01:10 PM,02:10 PM,FREE,BUSY
05/29/12,06:10 PM,07:10 PM,White Sox at Rays,Tropicana Field,"Local TV: CSN ----- Local Radio: 97.5 ESPN Deportes -- WSCR 670",05/29/12,05/29/12,09:10 PM,10:10 PM,FALSE,TRUE,05/29/12,05:10 PM,06:10 PM,FREE,BUSY
05/30/12,12:10 PM,01:10 PM,White Sox at Rays,Tropicana Field,"Local TV: WGN ----- Local Radio: 97.5 ESPN Deportes -- WSCR 670",05/30/12,05/30/12,03:10 PM,04:10 PM,FALSE,TRUE,05/30/12,11:10 AM,12:10 PM,FREE,BUSY
06/01/12,07:10 PM,08:10 PM,Mariners at White Sox,U.S. Cellular Field,"Local TV: CSN ----- Local Radio: 97.5 ESPN Deportes -- WSCR 670",06/01/12,06/01/12,10:10 PM,11:10 PM,FALSE,TRUE,06/01/12,06:10 PM,07:10 PM,FREE,BUSY
06/02/12,03:10 PM,04:10 PM,Mariners at White Sox,U.S. Cellular Field,"Local TV: WGN ----- Local Radio: 97.5 ESPN Deportes -- WSCR 670",06/02/12,06/02/12,06:10 PM,07:10 PM,FALSE,TRUE,06/02/12,02:10 PM,03:10 PM,FREE,BUSY
06/03/12,01:10 PM,02:10 PM,Mariners at White Sox,U.S. Cellular Field,"Local TV: CSN ----- Local Radio: 97.5 ESPN Deportes -- WSCR 670",06/03/12,06/03/12,04:10 PM,05:10 PM,FALSE,TRUE,06/03/12,12:10 PM,01:10 PM,FREE,BUSY
06/05/12,07:10 PM,08:10 PM,Blue Jays at White Sox,U.S. Cellular Field,"Local TV: CSN ----- Local Radio: 97.5 ESPN Deportes -- WSCR 670",06/05/12,06/05/12,10:10 PM,11:10 PM,FALSE,TRUE,06/05/12,06:10 PM,07:10 PM,FREE,BUSY
06/06/12,07:10 PM,08:10 PM,Blue Jays at White Sox,U.S. Cellular Field,"Local TV: CSN+ ----- Local Radio: 97.5 ESPN Deportes -- WSCR 670",06/06/12,06/06/12,10:10 PM,11:10 PM,FALSE,TRUE,06/06/12,06:10 PM,07:10 PM,FREE,BUSY
06/07/12,07:10 PM,08:10 PM,Blue Jays at White Sox,U.S. Cellular Field,"Local TV: WCIU ----- Local Radio: 97.5 ESPN Deportes -- WSCR 670",06/07/12,06/07/12,10:10 PM,11:10 PM,FALSE,TRUE,06/07/12,06:10 PM,07:10 PM,FREE,BUSY
06/08/12,07:10 PM,08:10 PM,Astros at White Sox,U.S. Cellular Field,"Local TV: CSN ----- Local Radio: 97.5 ESPN Deportes -- WSCR 670",06/08/12,06/08/12,10:10 PM,11:10 PM,FALSE,TRUE,06/08/12,06:10 PM,07:10 PM,FREE,BUSY
06/09/12,03:10 PM,04:10 PM,Astros at White Sox,U.S. Cellular Field,"Local TV: WGN ----- Local Radio: 97.5 ESPN Deportes -- WSCR 670",06/09/12,06/09/12,06:10 PM,07:10 PM,FALSE,TRUE,06/09/12,02:10 PM,03:10 PM,FREE,BUSY
06/10/12,01:10 PM,02:10 PM,Astros at White Sox,U.S. Cellular Field,"Local TV: CSN ----- Local Radio: 97.5 ESPN Deportes -- WSCR 670",06/10/12,06/10/12,04:10 PM,05:10 PM,FALSE,TRUE,06/10/12,12:10 PM,01:10 PM,FREE,BUSY
06/12/12,07:15 PM,08:15 PM,White Sox at Cardinals,Busch Stadium,"Local TV: WCIU ----- Local Radio: 97.5 ESPN Deportes -- WSCR 670",06/12/12,06/12/12,10:15 PM,11:15 PM,FALSE,TRUE,06/12/12,06:15 PM,07:15 PM,FREE,BUSY
06/13/12,07:15 PM,08:15 PM,White Sox at Cardinals,Busch Stadium,"Local TV: CSN ----- Local Radio: 97.5 ESPN Deportes -- WSCR 670",06/13/12,06/13/12,10:15 PM,11:15 PM,FALSE,TRUE,06/13/12,06:15 PM,07:15 PM,FREE,BUSY
06/14/12,07:15 PM,08:15 PM,White Sox at Cardinals,Busch Stadium,"Local TV: CSN -- MLBN ----- Local Radio: 97.5 ESPN Deportes -- WSCR 670",06/14/12,06/14/12,10:15 PM,11:15 PM,FALSE,TRUE,06/14/12,06:15 PM,07:15 PM,FREE,BUSY
06/15/12,09:10 PM,10:10 PM,White Sox at Dodgers,Dodger Stadium,"Local TV: CSN ----- Local Radio: 97.5 ESPN Deportes -- WSCR 670",06/16/12,06/16/12,12:10 AM,01:10 AM,FALSE,TRUE,06/15/12,08:10 PM,09:10 PM,FREE,BUSY
06/16/12,09:10 PM,10:10 PM,White Sox at Dodgers,Dodger Stadium,"Local TV: MLBN -- WGN ----- Local Radio: 97.5 ESPN Deportes -- WSCR 670",06/17/12,06/17/12,12:10 AM,01:10 AM,FALSE,TRUE,06/16/12,08:10 PM,09:10 PM,FREE,BUSY
06/17/12,03:10 PM,04:10 PM,White Sox at Dodgers,Dodger Stadium,"Local TV: CSN ----- Local Radio: 97.5 ESPN Deportes -- WSCR 670",06/17/12,06/17/12,06:10 PM,07:10 PM,FALSE,TRUE,06/17/12,02:10 PM,03:10 PM,FREE,BUSY
06/18/12,07:10 PM,08:10 PM,Cubs at White Sox,U.S. Cellular Field,"Local TV: CSN ----- Local Radio: 97.5 ESPN Deportes -- WSCR 670",06/18/12,06/18/12,10:10 PM,11:10 PM,FALSE,TRUE,06/18/12,06:10 PM,07:10 PM,FREE,BUSY
06/19/12,07:10 PM,08:10 PM,Cubs at White Sox,U.S. Cellular Field,"Local TV: WGN ----- Local Radio: 97.5 ESPN Deportes -- WSCR 670",06/19/12,06/19/12,10:10 PM,11:10 PM,FALSE,TRUE,06/19/12,06:10 PM,07:10 PM,FREE,BUSY
06/20/12,07:10 PM,08:10 PM,Cubs at White Sox,U.S. Cellular Field,"Local TV: CSN ----- Local Radio: 97.5 ESPN Deportes -- WSCR 670",06/20/12,06/20/12,10:10 PM,11:10 PM,FALSE,TRUE,06/20/12,06:10 PM,07:10 PM,FREE,BUSY
06/22/12,07:10 PM,08:10 PM,Brewers at White Sox,U.S. Cellular Field,"Local TV: CSN ----- Local Radio: 97.5 ESPN Deportes -- WSCR 670",06/22/12,06/22/12,10:10 PM,11:10 PM,FALSE,TRUE,06/22/12,06:10 PM,07:10 PM,FREE,BUSY
06/23/12,06:15 PM,07:15 PM,Brewers at White Sox,U.S. Cellular Field,"Local TV: FOX ----- Local Radio: 97.5 ESPN Deportes -- WSCR 670",06/23/12,06/23/12,09:15 PM,10:15 PM,FALSE,TRUE,06/23/12,05:15 PM,06:15 PM,FREE,BUSY
06/24/12,01:10 PM,02:10 PM,Brewers at White Sox,U.S. Cellular Field,"Local TV: WGN ----- Local Radio: 97.5 ESPN Deportes -- WSCR 670",06/24/12,06/24/12,04:10 PM,05:10 PM,FALSE,TRUE,06/24/12,12:10 PM,01:10 PM,FREE,BUSY
06/25/12,07:10 PM,08:10 PM,White Sox at Twins,Target Field,"Local TV: CSN ----- Local Radio: 97.5 ESPN Deportes -- WSCR 670",06/25/12,06/25/12,10:10 PM,11:10 PM,FALSE,TRUE,06/25/12,06:10 PM,07:10 PM,FREE,BUSY
06/26/12,07:10 PM,08:10 PM,White Sox at Twins,Target Field,"Local TV: CSN -- MLBN ----- Local Radio: 97.5 ESPN Deportes -- WSCR 670",06/26/12,06/26/12,10:10 PM,11:10 PM,FALSE,TRUE,06/26/12,06:10 PM,07:10 PM,FREE,BUSY
06/27/12,12:10 PM,01:10 PM,White Sox at Twins,Target Field,"Local TV: WGN ----- Local Radio: 97.5 ESPN Deportes -- WSCR 670",06/27/12,06/27/12,03:10 PM,04:10 PM,FALSE,TRUE,06/27/12,11:10 AM,12:10 PM,FREE,BUSY
06/28/12,06:05 PM,07:05 PM,White Sox at Yankees,Yankee Stadium,"Local TV: WGN ----- Local Radio: 97.5 ESPN Deportes -- WSCR 670",06/28/12,06/28/12,09:05 PM,10:05 PM,FALSE,TRUE,06/28/12,05:05 PM,06:05 PM,FREE,BUSY
06/29/12,06:05 PM,07:05 PM,White Sox at Yankees,Yankee Stadium,"Local TV: MLBN -- CSN ----- Local Radio: 97.5 ESPN Deportes -- WSCR 670",06/29/12,06/29/12,09:05 PM,10:05 PM,FALSE,TRUE,06/29/12,05:05 PM,06:05 PM,FREE,BUSY
06/30/12,12:05 PM,01:05 PM,White Sox at Yankees,Yankee Stadium,"Local TV: MLBN -- CSN ----- Local Radio: 97.5 ESPN Deportes -- WSCR 670",06/30/12,06/30/12,03:05 PM,04:05 PM,FALSE,TRUE,06/30/12,11:05 AM,12:05 PM,FREE,BUSY
07/01/12,01:05 PM,02:05 PM,White Sox at Yankees,Yankee Stadium,"Local TV: WGN ----- Local Radio: 97.5 ESPN Deportes -- WSCR 670",07/01/12,07/01/12,04:05 PM,05:05 PM,FALSE,TRUE,07/01/12,12:05 PM,01:05 PM,FREE,BUSY
07/03/12,07:10 PM,08:10 PM,Rangers at White Sox,U.S. Cellular Field,"Local TV: CSN+ ----- Local Radio: 97.5 ESPN Deportes -- WSCR 670",07/03/12,07/03/12,10:10 PM,11:10 PM,FALSE,TRUE,07/03/12,06:10 PM,07:10 PM,FREE,BUSY
07/04/12,06:10 PM,07:10 PM,Rangers at White Sox,U.S. Cellular Field,"Local TV: CSN ----- Local Radio: 97.5 ESPN Deportes -- WSCR 670",07/04/12,07/04/12,09:10 PM,10:10 PM,FALSE,TRUE,07/04/12,05:10 PM,06:10 PM,FREE,BUSY
07/05/12,01:10 PM,02:10 PM,Rangers at White Sox,U.S. Cellular Field,"Local TV: WGN ----- Local Radio: 97.5 ESPN Deportes -- WSCR 670",07/05/12,07/05/12,04:10 PM,05:10 PM,FALSE,TRUE,07/05/12,12:10 PM,01:10 PM,FREE,BUSY
07/06/12,07:10 PM,08:10 PM,Blue Jays at White Sox,U.S. Cellular Field,"Local TV: CSN+ ----- Local Radio: 97.5 ESPN Deportes -- WSCR 670",07/06/12,07/06/12,10:10 PM,11:10 PM,FALSE,TRUE,07/06/12,06:10 PM,07:10 PM,FREE,BUSY
07/07/12,03:10 PM,04:10 PM,Blue Jays at White Sox,U.S. Cellular Field,"Local TV: CSN ----- Local Radio: 97.5 ESPN Deportes -- WSCR 670",07/07/12,07/07/12,06:10 PM,07:10 PM,FALSE,TRUE,07/07/12,02:10 PM,03:10 PM,FREE,BUSY
07/08/12,01:10 PM,02:10 PM,Blue Jays at White Sox,U.S. Cellular Field,"Local TV: WGN ----- Local Radio: 97.5 ESPN Deportes -- WSCR 670",07/08/12,07/08/12,04:10 PM,05:10 PM,FALSE,TRUE,07/08/12,12:10 PM,01:10 PM,FREE,BUSY
07/10/12,07:00 PM,08:00 PM,NL All-Stars at AL All-Stars,Kauffman Stadium,,07/10/12,07/10/12,10:00 PM,11:00 PM,FALSE,TRUE,07/10/12,06:00 PM,07:00 PM,FREE,BUSY
07/13/12,07:10 PM,08:10 PM,White Sox at Royals,Kauffman Stadium,"Local TV: CSN ----- Local Radio: 97.5 ESPN Deportes -- WSCR 670",07/13/12,07/13/12,10:10 PM,11:10 PM,FALSE,TRUE,07/13/12,06:10 PM,07:10 PM,FREE,BUSY
07/14/12,06:10 PM,07:10 PM,White Sox at Royals,Kauffman Stadium,"Local TV: WGN ----- Local Radio: 97.5 ESPN Deportes -- WSCR 670",07/14/12,07/14/12,09:10 PM,10:10 PM,FALSE,TRUE,07/14/12,05:10 PM,06:10 PM,FREE,BUSY
07/15/12,01:10 PM,02:10 PM,White Sox at Royals,Kauffman Stadium,"Local TV: CSN ----- Local Radio: 97.5 ESPN Deportes -- WSCR 670",07/15/12,07/15/12,04:10 PM,05:10 PM,FALSE,TRUE,07/15/12,12:10 PM,01:10 PM,FREE,BUSY
07/16/12,06:10 PM,07:10 PM,White Sox at Red Sox,Fenway Park,"Local TV: CSN ----- Local Radio: 97.5 ESPN Deportes -- WSCR 670",07/16/12,07/16/12,09:10 PM,10:10 PM,FALSE,TRUE,07/16/12,05:10 PM,06:10 PM,FREE,BUSY
07/17/12,06:10 PM,07:10 PM,White Sox at Red Sox,Fenway Park,"Local TV: WCIU ----- Local Radio: 97.5 ESPN Deportes -- WSCR 670",07/17/12,07/17/12,09:10 PM,10:10 PM,FALSE,TRUE,07/17/12,05:10 PM,06:10 PM,FREE,BUSY
07/18/12,06:10 PM,07:10 PM,White Sox at Red Sox,Fenway Park,"Local TV: CSN ----- Local Radio: 97.5 ESPN Deportes -- WSCR 670",07/18/12,07/18/12,09:10 PM,10:10 PM,FALSE,TRUE,07/18/12,05:10 PM,06:10 PM,FREE,BUSY
07/19/12,06:10 PM,07:10 PM,White Sox at Red Sox,Fenway Park,"Local TV: CSN ----- Local Radio: 97.5 ESPN Deportes -- WSCR 670",07/19/12,07/19/12,09:10 PM,10:10 PM,FALSE,TRUE,07/19/12,05:10 PM,06:10 PM,FREE,BUSY
07/20/12,06:05 PM,07:05 PM,White Sox at Tigers,Comerica Park,"Local TV: CSN ----- Local Radio: 97.5 ESPN Deportes -- WSCR 670",07/20/12,07/20/12,09:05 PM,10:05 PM,FALSE,TRUE,07/20/12,05:05 PM,06:05 PM,FREE,BUSY
07/21/12,06:05 PM,07:05 PM,White Sox at Tigers,Comerica Park,"Local TV: WGN ----- Local Radio: 97.5 ESPN Deportes -- WSCR 670",07/21/12,07/21/12,09:05 PM,10:05 PM,FALSE,TRUE,07/21/12,05:05 PM,06:05 PM,FREE,BUSY
07/22/12,12:05 PM,01:05 PM,White Sox at Tigers,Comerica Park,"Local TV: CSN ----- Local Radio: 97.5 ESPN Deportes -- WSCR 670",07/22/12,07/22/12,03:05 PM,04:05 PM,FALSE,TRUE,07/22/12,11:05 AM,12:05 PM,FREE,BUSY
07/23/12,07:10 PM,08:10 PM,Twins at White Sox,U.S. Cellular Field,"Local TV: CSN+ ----- Local Radio: 97.5 ESPN Deportes -- WSCR 670",07/23/12,07/23/12,10:10 PM,11:10 PM,FALSE,TRUE,07/23/12,06:10 PM,07:10 PM,FREE,BUSY
07/24/12,07:10 PM,08:10 PM,Twins at White Sox,U.S. Cellular Field,"Local TV: WCIU ----- Local Radio: 97.5 ESPN Deportes -- WSCR 670",07/24/12,07/24/12,10:10 PM,11:10 PM,FALSE,TRUE,07/24/12,06:10 PM,07:10 PM,FREE,BUSY
07/25/12,01:10 PM,02:10 PM,Twins at White Sox,U.S. Cellular Field,"Local TV: CSN ----- Local Radio: 97.5 ESPN Deportes -- WSCR 670",07/25/12,07/25/12,04:10 PM,05:10 PM,FALSE,TRUE,07/25/12,12:10 PM,01:10 PM,FREE,BUSY
07/27/12,07:05 PM,08:05 PM,White Sox at Rangers,Rangers Ballpark in Arlington,"Local TV: WCIU ----- Local Radio: 97.5 ESPN Deportes -- WSCR 670",07/27/12,07/27/12,10:05 PM,11:05 PM,FALSE,TRUE,07/27/12,06:05 PM,07:05 PM,FREE,BUSY
07/28/12,07:05 PM,08:05 PM,White Sox at Rangers,Rangers Ballpark in Arlington,"Local TV: CSN ----- Local Radio: 97.5 ESPN Deportes -- WSCR 670",07/28/12,07/28/12,10:05 PM,11:05 PM,FALSE,TRUE,07/28/12,06:05 PM,07:05 PM,FREE,BUSY
07/29/12,06:05 PM,07:05 PM,White Sox at Rangers,Rangers Ballpark in Arlington,"Local TV: CSN ----- Local Radio: 97.5 ESPN Deportes -- WSCR 670",07/29/12,07/29/12,09:05 PM,10:05 PM,FALSE,TRUE,07/29/12,05:05 PM,06:05 PM,FREE,BUSY
07/30/12,07:10 PM,08:10 PM,White Sox at Twins,Target Field,"Local TV: WCIU ----- Local Radio: 97.5 ESPN Deportes -- WSCR 670",07/30/12,07/30/12,10:10 PM,11:10 PM,FALSE,TRUE,07/30/12,06:10 PM,07:10 PM,FREE,BUSY
07/31/12,07:10 PM,08:10 PM,White Sox at Twins,Target Field,"Local TV: CSN ----- Local Radio: 97.5 ESPN Deportes -- WSCR 670",07/31/12,07/31/12,10:10 PM,11:10 PM,FALSE,TRUE,07/31/12,06:10 PM,07:10 PM,FREE,BUSY
08/01/12,12:10 PM,01:10 PM,White Sox at Twins,Target Field,"Local TV: CSN ----- Local Radio: 97.5 ESPN Deportes -- WSCR 670",08/01/12,08/01/12,03:10 PM,04:10 PM,FALSE,TRUE,08/01/12,11:10 AM,12:10 PM,FREE,BUSY
08/03/12,07:10 PM,08:10 PM,Angels at White Sox,U.S. Cellular Field,"Local TV: CSN ----- Local Radio: 97.5 ESPN Deportes -- WSCR 670",08/03/12,08/03/12,10:10 PM,11:10 PM,FALSE,TRUE,08/03/12,06:10 PM,07:10 PM,FREE,BUSY
08/04/12,06:10 PM,07:10 PM,Angels at White Sox,U.S. Cellular Field,"Local TV: WGN ----- Local Radio: 97.5 ESPN Deportes -- WSCR 670",08/04/12,08/04/12,09:10 PM,10:10 PM,FALSE,TRUE,08/04/12,05:10 PM,06:10 PM,FREE,BUSY
08/05/12,01:10 PM,02:10 PM,Angels at White Sox,U.S. Cellular Field,"Local TV: CSN ----- Local Radio: 97.5 ESPN Deportes -- WSCR 670",08/05/12,08/05/12,04:10 PM,05:10 PM,FALSE,TRUE,08/05/12,12:10 PM,01:10 PM,FREE,BUSY
08/06/12,07:10 PM,08:10 PM,Royals at White Sox,U.S. Cellular Field,"Local TV: WCIU ----- Local Radio: 97.5 ESPN Deportes -- WSCR 670",08/06/12,08/06/12,10:10 PM,11:10 PM,FALSE,TRUE,08/06/12,06:10 PM,07:10 PM,FREE,BUSY
08/07/12,07:10 PM,08:10 PM,Royals at White Sox,U.S. Cellular Field,"Local TV: CSN ----- Local Radio: 97.5 ESPN Deportes -- WSCR 670",08/07/12,08/07/12,10:10 PM,11:10 PM,FALSE,TRUE,08/07/12,06:10 PM,07:10 PM,FREE,BUSY
08/08/12,07:10 PM,08:10 PM,Royals at White Sox,U.S. Cellular Field,"Local TV: CSN ----- Local Radio: 97.5 ESPN Deportes -- WSCR 670",08/08/12,08/08/12,10:10 PM,11:10 PM,FALSE,TRUE,08/08/12,06:10 PM,07:10 PM,FREE,BUSY
08/10/12,07:10 PM,08:10 PM,Athletics at White Sox,U.S. Cellular Field,"Local TV: CSN ----- Local Radio: 97.5 ESPN Deportes -- WSCR 670",08/10/12,08/10/12,10:10 PM,11:10 PM,FALSE,TRUE,08/10/12,06:10 PM,07:10 PM,FREE,BUSY
08/11/12,06:10 PM,07:10 PM,Athletics at White Sox,U.S. Cellular Field,"Local TV: WGN ----- Local Radio: 97.5 ESPN Deportes -- WSCR 670",08/11/12,08/11/12,09:10 PM,10:10 PM,FALSE,TRUE,08/11/12,05:10 PM,06:10 PM,FREE,BUSY
08/12/12,01:10 PM,02:10 PM,Athletics at White Sox,U.S. Cellular Field,"Local TV: CSN ----- Local Radio: 97.5 ESPN Deportes -- WSCR 670",08/12/12,08/12/12,04:10 PM,05:10 PM,FALSE,TRUE,08/12/12,12:10 PM,01:10 PM,FREE,BUSY
08/13/12,06:07 PM,07:07 PM,White Sox at Blue Jays,Rogers Centre,"Local TV: CSN ----- Local Radio: 97.5 ESPN Deportes -- WSCR 670",08/13/12,08/13/12,09:07 PM,10:07 PM,FALSE,TRUE,08/13/12,05:07 PM,06:07 PM,FREE,BUSY
08/14/12,06:07 PM,07:07 PM,White Sox at Blue Jays,Rogers Centre,"Local TV: WCIU ----- Local Radio: 97.5 ESPN Deportes -- WSCR 670",08/14/12,08/14/12,09:07 PM,10:07 PM,FALSE,TRUE,08/14/12,05:07 PM,06:07 PM,FREE,BUSY
08/15/12,06:07 PM,07:07 PM,White Sox at Blue Jays,Rogers Centre,"Local TV: CSN ----- Local Radio: 97.5 ESPN Deportes -- WSCR 670",08/15/12,08/15/12,09:07 PM,10:07 PM,FALSE,TRUE,08/15/12,05:07 PM,06:07 PM,FREE,BUSY
08/16/12,06:07 PM,07:07 PM,White Sox at Blue Jays,Rogers Centre,"Local TV: WCIU ----- Local Radio: 97.5 ESPN Deportes -- WSCR 670",08/16/12,08/16/12,09:07 PM,10:07 PM,FALSE,TRUE,08/16/12,05:07 PM,06:07 PM,FREE,BUSY
08/17/12,07:10 PM,08:10 PM,White Sox at Royals,Kauffman Stadium,"Local TV: CSN ----- Local Radio: 97.5 ESPN Deportes -- WSCR 670",08/17/12,08/17/12,10:10 PM,11:10 PM,FALSE,TRUE,08/17/12,06:10 PM,07:10 PM,FREE,BUSY
08/18/12,06:10 PM,07:10 PM,White Sox at Royals,Kauffman Stadium,"Local TV: WGN ----- Local Radio: 97.5 ESPN Deportes -- WSCR 670",08/18/12,08/18/12,09:10 PM,10:10 PM,FALSE,TRUE,08/18/12,05:10 PM,06:10 PM,FREE,BUSY
08/19/12,01:10 PM,02:10 PM,White Sox at Royals,Kauffman Stadium,"Local TV: CSN ----- Local Radio: 97.5 ESPN Deportes -- WSCR 670",08/19/12,08/19/12,04:10 PM,05:10 PM,FALSE,TRUE,08/19/12,12:10 PM,01:10 PM,FREE,BUSY
08/20/12,07:10 PM,08:10 PM,Yankees at White Sox,U.S. Cellular Field,"Local TV: CSN ----- Local Radio: 97.5 ESPN Deportes -- WSCR 670",08/20/12,08/20/12,10:10 PM,11:10 PM,FALSE,TRUE,08/20/12,06:10 PM,07:10 PM,FREE,BUSY
08/21/12,07:10 PM,08:10 PM,Yankees at White Sox,U.S. Cellular Field,"Local TV: CSN ----- Local Radio: 97.5 ESPN Deportes -- WSCR 670",08/21/12,08/21/12,10:10 PM,11:10 PM,FALSE,TRUE,08/21/12,06:10 PM,07:10 PM,FREE,BUSY
08/22/12,07:10 PM,08:10 PM,Yankees at White Sox,U.S. Cellular Field,"Local TV: WCIU ----- Local Radio: 97.5 ESPN Deportes -- WSCR 670",08/22/12,08/22/12,10:10 PM,11:10 PM,FALSE,TRUE,08/22/12,06:10 PM,07:10 PM,FREE,BUSY
08/24/12,07:10 PM,08:10 PM,Mariners at White Sox,U.S. Cellular Field,"Local TV: CSN ----- Local Radio: 97.5 ESPN Deportes -- WSCR 670",08/24/12,08/24/12,10:10 PM,11:10 PM,FALSE,TRUE,08/24/12,06:10 PM,07:10 PM,FREE,BUSY
08/25/12,06:10 PM,07:10 PM,Mariners at White Sox,U.S. Cellular Field,"Local TV: WGN ----- Local Radio: 97.5 ESPN Deportes -- WSCR 670",08/25/12,08/25/12,09:10 PM,10:10 PM,FALSE,TRUE,08/25/12,05:10 PM,06:10 PM,FREE,BUSY
08/26/12,01:10 PM,02:10 PM,Mariners at White Sox,U.S. Cellular Field,"Local TV: CSN ----- Local Radio: 97.5 ESPN Deportes -- WSCR 670",08/26/12,08/26/12,04:10 PM,05:10 PM,FALSE,TRUE,08/26/12,12:10 PM,01:10 PM,FREE,BUSY
08/27/12,06:05 PM,07:05 PM,White Sox at Orioles,Oriole Park at Camden Yards,"Local TV: WCIU ----- Local Radio: 97.5 ESPN Deportes -- WSCR 670",08/27/12,08/27/12,09:05 PM,10:05 PM,FALSE,TRUE,08/27/12,05:05 PM,06:05 PM,FREE,BUSY
08/28/12,06:05 PM,07:05 PM,White Sox at Orioles,Oriole Park at Camden Yards,"Local TV: CSN ----- Local Radio: 97.5 ESPN Deportes -- WSCR 670",08/28/12,08/28/12,09:05 PM,10:05 PM,FALSE,TRUE,08/28/12,05:05 PM,06:05 PM,FREE,BUSY
08/29/12,06:05 PM,07:05 PM,White Sox at Orioles,Oriole Park at Camden Yards,"Local TV: CSN ----- Local Radio: 97.5 ESPN Deportes -- WSCR 670",08/29/12,08/29/12,09:05 PM,10:05 PM,FALSE,TRUE,08/29/12,05:05 PM,06:05 PM,FREE,BUSY
08/30/12,03:33 AM,03:33 AM,White Sox at Orioles,Oriole Park at Camden Yards,"Local TV: WGN ----- Local Radio: 97.5 ESPN Deportes -- WSCR 670",08/30/12,08/30/12,06:33 AM,06:33 AM,FALSE,TRUE,08/30/12,02:33 AM,02:33 AM,FREE,BUSY
08/31/12,06:05 PM,07:05 PM,White Sox at Tigers,Comerica Park,"Local TV: CSN ----- Local Radio: 97.5 ESPN Deportes -- WSCR 670",08/31/12,08/31/12,09:05 PM,10:05 PM,FALSE,TRUE,08/31/12,05:05 PM,06:05 PM,FREE,BUSY
09/01/12,06:05 PM,07:05 PM,White Sox at Tigers,Comerica Park,"Local TV: WGN ----- Local Radio: 97.5 ESPN Deportes -- WSCR 670",09/01/12,09/01/12,09:05 PM,10:05 PM,FALSE,TRUE,09/01/12,05:05 PM,06:05 PM,FREE,BUSY
09/02/12,12:05 PM,01:05 PM,White Sox at Tigers,Comerica Park,"Local TV: CSN ----- Local Radio: 97.5 ESPN Deportes -- WSCR 670",09/02/12,09/02/12,03:05 PM,04:05 PM,FALSE,TRUE,09/02/12,11:05 AM,12:05 PM,FREE,BUSY
09/03/12,06:10 PM,07:10 PM,Twins at White Sox,U.S. Cellular Field,"Local TV: CSN ----- Local Radio: 97.5 ESPN Deportes -- WSCR 670",09/03/12,09/03/12,09:10 PM,10:10 PM,FALSE,TRUE,09/03/12,05:10 PM,06:10 PM,FREE,BUSY
09/04/12,07:10 PM,08:10 PM,Twins at White Sox,U.S. Cellular Field,"Local TV: WCIU ----- Local Radio: 97.5 ESPN Deportes -- WSCR 670",09/04/12,09/04/12,10:10 PM,11:10 PM,FALSE,TRUE,09/04/12,06:10 PM,07:10 PM,FREE,BUSY
09/05/12,01:10 PM,02:10 PM,Twins at White Sox,U.S. Cellular Field,"Local TV: CSN ----- Local Radio: 97.5 ESPN Deportes -- WSCR 670",09/05/12,09/05/12,04:10 PM,05:10 PM,FALSE,TRUE,09/05/12,12:10 PM,01:10 PM,FREE,BUSY
09/07/12,07:10 PM,08:10 PM,Royals at White Sox,U.S. Cellular Field,"Local TV: WCIU ----- Local Radio: 97.5 ESPN Deportes -- WSCR 670",09/07/12,09/07/12,10:10 PM,11:10 PM,FALSE,TRUE,09/07/12,06:10 PM,07:10 PM,FREE,BUSY
09/08/12,03:05 PM,04:05 PM,Royals at White Sox,U.S. Cellular Field,"Local TV: FOX ----- Local Radio: 97.5 ESPN Deportes -- WSCR 670",09/08/12,09/08/12,06:05 PM,07:05 PM,FALSE,TRUE,09/08/12,02:05 PM,03:05 PM,FREE,BUSY
09/09/12,01:10 PM,02:10 PM,Royals at White Sox,U.S. Cellular Field,"Local TV: CSN ----- Local Radio: 97.5 ESPN Deportes -- WSCR 670",09/09/12,09/09/12,04:10 PM,05:10 PM,FALSE,TRUE,09/09/12,12:10 PM,01:10 PM,FREE,BUSY
09/10/12,07:10 PM,08:10 PM,Tigers at White Sox,U.S. Cellular Field,"Local TV: WCIU ----- Local Radio: 97.5 ESPN Deportes -- WSCR 670",09/10/12,09/10/12,10:10 PM,11:10 PM,FALSE,TRUE,09/10/12,06:10 PM,07:10 PM,FREE,BUSY
09/11/12,07:10 PM,08:10 PM,Tigers at White Sox,U.S. Cellular Field,"Local TV: CSN ----- Local Radio: 97.5 ESPN Deportes -- WSCR 670",09/11/12,09/11/12,10:10 PM,11:10 PM,FALSE,TRUE,09/11/12,06:10 PM,07:10 PM,FREE,BUSY
09/12/12,07:10 PM,08:10 PM,Tigers at White Sox,U.S. Cellular Field,"Local TV: CSN ----- Local Radio: 97.5 ESPN Deportes -- WSCR 670",09/12/12,09/12/12,10:10 PM,11:10 PM,FALSE,TRUE,09/12/12,06:10 PM,07:10 PM,FREE,BUSY
09/13/12,07:10 PM,08:10 PM,Tigers at White Sox,U.S. Cellular Field,"Local TV: CSN ----- Local Radio: 97.5 ESPN Deportes -- WSCR 670",09/13/12,09/13/12,10:10 PM,11:10 PM,FALSE,TRUE,09/13/12,06:10 PM,07:10 PM,FREE,BUSY
09/14/12,07:10 PM,08:10 PM,White Sox at Twins,Target Field,"Local TV: CSN ----- Local Radio: 97.5 ESPN Deportes -- WSCR 670",09/14/12,09/14/12,10:10 PM,11:10 PM,FALSE,TRUE,09/14/12,06:10 PM,07:10 PM,FREE,BUSY
09/15/12,12:10 PM,01:10 PM,White Sox at Twins,Target Field,"Local TV: WGN ----- Local Radio: 97.5 ESPN Deportes -- WSCR 670",09/15/12,09/15/12,03:10 PM,04:10 PM,FALSE,TRUE,09/15/12,11:10 AM,12:10 PM,FREE,BUSY
09/16/12,01:10 PM,02:10 PM,White Sox at Twins,Target Field,"Local TV: CSN ----- Local Radio: 97.5 ESPN Deportes -- WSCR 670",09/16/12,09/16/12,04:10 PM,05:10 PM,FALSE,TRUE,09/16/12,12:10 PM,01:10 PM,FREE,BUSY
09/18/12,07:10 PM,08:10 PM,White Sox at Royals,Kauffman Stadium,"Local TV: CSN+ ----- Local Radio: 97.5 ESPN Deportes -- WSCR 670",09/18/12,09/18/12,10:10 PM,11:10 PM,FALSE,TRUE,09/18/12,06:10 PM,07:10 PM,FREE,BUSY
09/19/12,07:10 PM,08:10 PM,White Sox at Royals,Kauffman Stadium,"Local TV: WCIU ----- Local Radio: 97.5 ESPN Deportes -- WSCR 670",09/19/12,09/19/12,10:10 PM,11:10 PM,FALSE,TRUE,09/19/12,06:10 PM,07:10 PM,FREE,BUSY
09/20/12,07:10 PM,08:10 PM,White Sox at Royals,Kauffman Stadium,"Local TV: CSN ----- Local Radio: 97.5 ESPN Deportes -- WSCR 670",09/20/12,09/20/12,10:10 PM,11:10 PM,FALSE,TRUE,09/20/12,06:10 PM,07:10 PM,FREE,BUSY
09/21/12,09:05 PM,10:05 PM,White Sox at Angels,Angel Stadium of Anaheim,"Local TV: WGN ----- Local Radio: 97.5 ESPN Deportes -- WSCR 670",09/22/12,09/22/12,12:05 AM,01:05 AM,FALSE,TRUE,09/21/12,08:05 PM,09:05 PM,FREE,BUSY
09/22/12,08:05 PM,09:05 PM,White Sox at Angels,Angel Stadium of Anaheim,"Local TV: CSN ----- Local Radio: 97.5 ESPN Deportes -- WSCR 670",09/22/12,09/23/12,11:05 PM,12:05 AM,FALSE,TRUE,09/22/12,07:05 PM,08:05 PM,FREE,BUSY
09/23/12,03:33 AM,03:33 AM,White Sox at Angels,Angel Stadium of Anaheim,"Local TV: CSN ----- Local Radio: 97.5 ESPN Deportes -- WSCR 670",09/23/12,09/23/12,06:33 AM,06:33 AM,FALSE,TRUE,09/23/12,02:33 AM,02:33 AM,FREE,BUSY
09/24/12,07:10 PM,08:10 PM,Indians at White Sox,U.S. Cellular Field,"Local TV: CSN ----- Local Radio: 97.5 ESPN Deportes -- WSCR 670",09/24/12,09/24/12,10:10 PM,11:10 PM,FALSE,TRUE,09/24/12,06:10 PM,07:10 PM,FREE,BUSY
09/25/12,07:10 PM,08:10 PM,Indians at White Sox,U.S. Cellular Field,"Local TV: CSN ----- Local Radio: 97.5 ESPN Deportes -- WSCR 670",09/25/12,09/25/12,10:10 PM,11:10 PM,FALSE,TRUE,09/25/12,06:10 PM,07:10 PM,FREE,BUSY
09/26/12,07:10 PM,08:10 PM,Indians at White Sox,U.S. Cellular Field,"Local TV: WCIU ----- Local Radio: 97.5 ESPN Deportes -- WSCR 670",09/26/12,09/26/12,10:10 PM,11:10 PM,FALSE,TRUE,09/26/12,06:10 PM,07:10 PM,FREE,BUSY
09/27/12,07:10 PM,08:10 PM,Rays at White Sox,U.S. Cellular Field,"Local TV: CSN ----- Local Radio: 97.5 ESPN Deportes -- WSCR 670",09/27/12,09/27/12,10:10 PM,11:10 PM,FALSE,TRUE,09/27/12,06:10 PM,07:10 PM,FREE,BUSY
09/28/12,07:10 PM,08:10 PM,Rays at White Sox,U.S. Cellular Field,"Local TV: WCIU ----- Local Radio: 97.5 ESPN Deportes -- WSCR 670",09/28/12,09/28/12,10:10 PM,11:10 PM,FALSE,TRUE,09/28/12,06:10 PM,07:10 PM,FREE,BUSY
09/29/12,06:10 PM,07:10 PM,Rays at White Sox,U.S. Cellular Field,"Local TV: CSN ----- Local Radio: 97.5 ESPN Deportes -- WSCR 670",09/29/12,09/29/12,09:10 PM,10:10 PM,FALSE,TRUE,09/29/12,05:10 PM,06:10 PM,FREE,BUSY
09/30/12,01:10 PM,02:10 PM,Rays at White Sox,U.S. Cellular Field,"Local TV: CSN ----- Local Radio: 97.5 ESPN Deportes -- WSCR 670",09/30/12,09/30/12,04:10 PM,05:10 PM,FALSE,TRUE,09/30/12,12:10 PM,01:10 PM,FREE,BUSY
10/01/12,06:05 PM,07:05 PM,White Sox at Indians,Progressive Field,"Local TV: WCIU ----- Local Radio: 97.5 ESPN Deportes -- WSCR 670",10/01/12,10/01/12,09:05 PM,10:05 PM,FALSE,TRUE,10/01/12,05:05 PM,06:05 PM,FREE,BUSY
10/02/12,06:05 PM,07:05 PM,White Sox at Indians,Progressive Field,"Local TV: CSN ----- Local Radio: 97.5 ESPN Deportes -- WSCR 670",10/02/12,10/02/12,09:05 PM,10:05 PM,FALSE,TRUE,10/02/12,05:05 PM,06:05 PM,FREE,BUSY
10/03/12,06:05 PM,07:05 PM,White Sox at Indians,Progressive Field,"Local TV: CSN ----- Local Radio: 97.5 ESPN Deportes -- WSCR 670",10/03/12,10/03/12,09:05 PM,10:05 PM,FALSE,TRUE,10/03/12,05:05 PM,06:05 PM,FREE,BUSY